{
  "amazon": {
    "name": "Amazon",
    "connection_string": "mysql+pymysql://root:root%40mohit@localhost:3306/amazon",
    "table": "product",
    "mappings": {
      "product_id": "id",
      "name": "name",
      "price": "discount_price",
      "rating": "ratings",
      "category": "category_id",
      "availability": "availability"
    }
  },
  "flipkart": {
    "name": "Flipkart",
    "connection_string": "mysql+pymysql://root:root%40mohit@localhost:3306/flipkart",
    "table": "products",
    "mappings": {
      "product_id": "product_id",
      "name": "title",
      "price": "product_id",
      "rating": "product_rating",
      "category": "category_id",
      "availability": "availability"
    }
  }
}