{
  "data_sources": [
    
    {
      "name": "Amazon",
      "connection_string": "mysql+pymysql://root:root%40mohit@localhost:3306/amazon",
      "table": "product",
      "mappings": {
        "product_id": "id",
        "name": "name",
        "price": "discount_price",
        "rating": "ratings",
        "category": {
          "table": "category",
          "key": "id",
          "value": "main_category",
          "join_on": "id"
        }
      }
    },
    {
      "name": "Flipkart",
      "connection_string": "mysql+pymysql://root:root%40mohit@localhost:3306/flipkart",
      "table": "products",
      "mappings": {
        "product_id": "product_id",
        "name": "title",
        "price": "selling_price",
        "rating": "product_rating",
        "category": {
          "table": "categories",
          "key": "category_id",
          "value": "category_1",
          "join_on": "product_id"
        }
      }
    }
  ],
  "central_database": {
    "connection_string": "mysql+pymysql://root:root@localhost:3306/central_db"
  }
}